mysql> update employee_payroll set department ='Sales' where name='Terisa';                                                                                                    #setting department for name=Terisa
Query OK, 1 row affected (0.01 sec)
Rows matched: 2  Changed: 1  Warnings: 0

mysql> select * from employee_payroll where name='Terisa' and id=2;                                                                                                                #showing details of name=Terisa
+----+--------+--------------+---------+------------+--------+-----------+------------+-------------+-----+---------+------------+
| id | name   | phone_number | address | department | gender | basic_pay | deductions | taxable_pay | tax | net_pay | start      |
+----+--------+--------------+---------+------------+--------+-----------+------------+-------------+-----+---------+------------+
|  2 | Terisa | NULL         | NULL    | Sales      | F      |   3000000 |          0 |           0 |   0 |       0 | 2019-11-13 |
+----+--------+--------------+---------+------------+--------+-----------+------------+-------------+-----+---------+------------+
1 row in set (0.00 sec)

mysql> INSERT Into employee_payroll (name,department,gender,basic_pay,deductions,taxable_pay,tax,net_pay,start) values                               #inserting new row in the table
    -> ('Terisa','Marketting','F',3000000.00,1000000.00,2000000.00,500000.00,1500000.00,'2018-01-03');

mysql> select * from employee_payroll;                                                                                                                                                                #showing whole table
+----+---------+--------------+---------+------------+--------+-----------+------------+-------------+--------+---------+------------+
| id | name    | phone_number | address | department | gender | basic_pay | deductions | taxable_pay | tax    | net_pay | start      |
+----+---------+--------------+---------+------------+--------+-----------+------------+-------------+--------+---------+------------+
|  1 | Bill    | NULL         | NULL    |            | M      |   1000000 |          0 |           0 |      0 |       0 | 2018-01-03 |
|  2 | Terisa  | NULL         | NULL    | Sales      | F      |   3000000 |          0 |           0 |      0 |       0 | 2019-11-13 |
|  3 | Charlie | NULL         | NULL    |            | M      |   3000000 |          0 |           0 |      0 |       0 | 2020-05-21 |
|  4 | Terisa  | NULL         | TBD     | Marketting | F      |   3000000 |    1000000 |     2000000 | 500000 | 1500000 | 2018-01-03 |
+----+---------+--------------+---------+------------+--------+-----------+------------+-------------+--------+---------+------------+
4 rows in set (0.00 sec)

mysql> select * from employee_payroll where name='Terisa';                                                                                                                                   #to show details where name=Terisa
+----+--------+--------------+---------+------------+--------+-----------+------------+-------------+--------+---------+------------+
| id | name   | phone_number | address | department | gender | basic_pay | deductions | taxable_pay | tax    | net_pay | start      |
+----+--------+--------------+---------+------------+--------+-----------+------------+-------------+--------+---------+------------+
|  2 | Terisa | NULL         | NULL    | Sales      | F      |   3000000 |          0 |           0 |      0 |       0 | 2019-11-13 |
|  4 | Terisa | NULL         | TBD     | Sales      | F      |   3000000 |    1000000 |     2000000 | 500000 | 1500000 | 2018-01-03 |
+----+--------+--------------+---------+------------+--------+-----------+------------+-------------+--------+---------+------------+
2 rows in set (0.00 sec)

